N(0),Bias,MAD,rp(0.05),Seed,Design,N samples,N instruments,Concentration
0,0.027706091967307722,0.3799707433132453,1.0,42,Exponential,100,100,30
0,0.035106242825064075,0.11939644529058135,0.0,42,Exponential,250,100,30
0,0.03542608789682789,0.012101590691421249,0.0,42,Exponential,250,100,180
0,0.03487488073306533,0.12088501260578566,0.0,42,5,250,100,30
0,0.03643661417106996,0.010297144794697233,0.0,42,5,250,100,180
0,0.043727871838343604,0.27360174433357876,1.0,42,50,250,100,30
